export_schema,record_type,record_id,run_id,recorded_at
atlas.analytics.v1,rule_version,RULE-GOLDEN-1,,2026-07-29T00:00:00.000Z
atlas.analytics.v1,preference_rule,PREF-GOLDEN-1,,2026-07-29T00:00:01.000Z
atlas.analytics.v1,run,TSK-GOLDEN-MATCHED,TSK-GOLDEN-MATCHED,2026-07-29T01:00:00.000Z
atlas.analytics.v1,operation_event,EVT-GOLDEN-RULE-MATCHED,TSK-GOLDEN-MATCHED,2026-07-29T01:00:00.100Z
atlas.analytics.v1,task_contract,TASKC-GOLDEN-MATCHED,TSK-GOLDEN-MATCHED,2026-07-29T01:00:01.000Z
atlas.analytics.v1,run,TSK-GOLDEN-CORRECTED,TSK-GOLDEN-CORRECTED,2026-07-29T01:01:00.000Z
atlas.analytics.v1,operation_event,EVT-GOLDEN-RULE-CORRECTED,TSK-GOLDEN-CORRECTED,2026-07-29T01:01:00.100Z
atlas.analytics.v1,task_contract,TASKC-GOLDEN-CORRECTED,TSK-GOLDEN-CORRECTED,2026-07-29T01:01:01.000Z
atlas.analytics.v1,label,LBL-GOLDEN-CORRECTED,TSK-GOLDEN-CORRECTED,2026-07-29T01:01:02.000Z
atlas.analytics.v1,run,TSK-GOLDEN-UNMATCHED,TSK-GOLDEN-UNMATCHED,2026-07-29T01:02:00.000Z
atlas.analytics.v1,operation_event,EVT-GOLDEN-RULE-UNMATCHED,TSK-GOLDEN-UNMATCHED,2026-07-29T01:02:00.100Z
atlas.analytics.v1,task_contract,TASKC-GOLDEN-UNMATCHED,TSK-GOLDEN-UNMATCHED,2026-07-29T01:02:01.000Z
atlas.analytics.v1,run,TSK-GOLDEN-FIRST,TSK-GOLDEN-FIRST,2026-07-29T01:03:00.000Z
atlas.analytics.v1,operation_event,EVT-GOLDEN-RULE-FIRST,TSK-GOLDEN-FIRST,2026-07-29T01:03:00.100Z
atlas.analytics.v1,task_contract,TASKC-GOLDEN-FIRST,TSK-GOLDEN-FIRST,2026-07-29T01:03:01.000Z
atlas.analytics.v1,run,TSK-GOLDEN-CANCELLED,TSK-GOLDEN-CANCELLED,2026-07-29T01:04:00.000Z
atlas.analytics.v1,operation_event,EVT-GOLDEN-RULE-CANCELLED,TSK-GOLDEN-CANCELLED,2026-07-29T01:04:00.100Z
atlas.analytics.v1,task_contract,TASKC-GOLDEN-CANCELLED,TSK-GOLDEN-CANCELLED,2026-07-29T01:04:01.000Z
atlas.analytics.v1,run,TSK-GOLDEN-TEST,TSK-GOLDEN-TEST,2026-07-29T01:05:00.000Z
atlas.analytics.v1,operation_event,EVT-GOLDEN-RULE-TEST,TSK-GOLDEN-TEST,2026-07-29T01:05:00.100Z
atlas.analytics.v1,task_contract,TASKC-GOLDEN-TEST,TSK-GOLDEN-TEST,2026-07-29T01:05:01.000Z
atlas.analytics.v1,run,TSK-GOLDEN-BINARY,TSK-GOLDEN-BINARY,2026-07-29T01:06:00.000Z
atlas.analytics.v1,operation_event,EVT-GOLDEN-RULE-BINARY,TSK-GOLDEN-BINARY,2026-07-29T01:06:00.100Z
atlas.analytics.v1,task_contract,TASKC-GOLDEN-BINARY,TSK-GOLDEN-BINARY,2026-07-29T01:06:01.000Z
atlas.analytics.v1,run,RUN-GOLDEN-REC-COMPLETED,RUN-GOLDEN-REC-COMPLETED,2026-07-29T02:00:00.000Z
atlas.analytics.v1,operation_event,EVT-GOLDEN-REC-COMPLETED-A,RUN-GOLDEN-REC-COMPLETED,2026-07-29T02:00:01.000Z
atlas.analytics.v1,operation_event,EVT-GOLDEN-REC-COMPLETED-B,RUN-GOLDEN-REC-COMPLETED,2026-07-29T02:00:02.000Z
atlas.analytics.v1,run,RUN-GOLDEN-REC-CONFLICT,RUN-GOLDEN-REC-CONFLICT,2026-07-29T02:01:00.000Z
atlas.analytics.v1,operation_event,EVT-GOLDEN-REC-CONFLICT,RUN-GOLDEN-REC-CONFLICT,2026-07-29T02:01:01.000Z
atlas.analytics.v1,run,RUN-GOLDEN-REC-FAILED,RUN-GOLDEN-REC-FAILED,2026-07-29T02:02:00.000Z
atlas.analytics.v1,operation_event,EVT-GOLDEN-REC-FAILED,RUN-GOLDEN-REC-FAILED,2026-07-29T02:02:01.000Z
atlas.analytics.v1,run,RUN-GOLDEN-REC-CANCELLED,RUN-GOLDEN-REC-CANCELLED,2026-07-29T02:03:00.000Z
atlas.analytics.v1,operation_event,EVT-GOLDEN-REC-CANCELLED,RUN-GOLDEN-REC-CANCELLED,2026-07-29T02:03:01.000Z
